{
  "report_name": "walk_forward",
  "previous_label": "previous_saved",
  "current_label": "current_run",
  "models": {
    "qb": {
      "passing_yards": {
        "previous": {
          "n": 5882.0,
          "mae": 79.08609222047969,
          "rmse": 100.81695884957956,
          "bias": 13.236970102786659
        },
        "current": {
          "n": 5882.0,
          "mae": 78.83886008882095,
          "rmse": 100.38342826085314,
          "bias": 14.76317602280526
        },
        "delta": {
          "mae": -0.24723213165873403,
          "rmse": -0.4335305887264269,
          "bias": 1.526205920018601,
          "abs_bias": 1.526205920018601
        }
      },
      "passing_tds": {
        "previous": {
          "n": 5882.0,
          "mae": 0.9538866968997209,
          "rmse": 1.1418561010182606,
          "bias": 0.08721521140192404
        },
        "current": {
          "n": 5882.0,
          "mae": 0.9560274427810662,
          "rmse": 1.1407921252706257,
          "bias": 0.09651241864331123
        },
        "delta": {
          "mae": 0.002140745881345274,
          "rmse": -0.0010639757476349487,
          "bias": 0.00929720724138719,
          "abs_bias": 0.00929720724138719
        }
      },
      "interceptions": {
        "previous": {
          "n": 5882.0,
          "mae": 0.7194594559213757,
          "rmse": 0.8674522860604167,
          "bias": 0.04915731694209528
        },
        "current": {
          "n": 5882.0,
          "mae": 0.7185040022726832,
          "rmse": 0.867313393600061,
          "bias": 0.051389425648266374
        },
        "delta": {
          "mae": -0.0009554536486925391,
          "rmse": -0.00013889246035569958,
          "bias": 0.0022321087061710904,
          "abs_bias": 0.0022321087061710904
        }
      },
      "completions": {
        "previous": {
          "n": 5882.0,
          "mae": 6.640791273487909,
          "rmse": 8.56018558983998,
          "bias": 0.8357555202697723
        },
        "current": {
          "n": 5882.0,
          "mae": 6.616489401070308,
          "rmse": 8.514535415740676,
          "bias": 1.0039020409906818
        },
        "delta": {
          "mae": -0.024301872417600734,
          "rmse": -0.04565017409930405,
          "bias": 0.16814652072090952,
          "abs_bias": 0.16814652072090952
        }
      }
    },
    "rb": {
      "rushing_yards": {
        "previous": {
          "n": 12436.0,
          "mae": 25.686677530147236,
          "rmse": 33.097831351418435,
          "bias": 0.0930981157001264
        },
        "current": {
          "n": 12436.0,
          "mae": 25.55327928449264,
          "rmse": 32.92265040027377,
          "bias": 0.2429086728878008
        },
        "delta": {
          "mae": -0.1333982456545968,
          "rmse": -0.17518095114466803,
          "bias": 0.1498105571876744,
          "abs_bias": 0.1498105571876744
        }
      },
      "carries": {
        "previous": {
          "n": 12436.0,
          "mae": 5.019318473499456,
          "rmse": 6.10686804147104,
          "bias": 0.16917375542099877
        },
        "current": {
          "n": 12436.0,
          "mae": 4.966904189204081,
          "rmse": 6.044815886161316,
          "bias": 0.19829458751484919
        },
        "delta": {
          "mae": -0.052414284295374536,
          "rmse": -0.06205215530972463,
          "bias": 0.029120832093850413,
          "abs_bias": 0.029120832093850413
        }
      },
      "rushing_tds": {
        "previous": {
          "n": 12436.0,
          "mae": 0.4004396619532782,
          "rmse": 0.542583867678062,
          "bias": -0.009110707402054328
        },
        "current": {
          "n": 12436.0,
          "mae": 0.4002553063714344,
          "rmse": 0.5417503852490646,
          "bias": -0.008062001547984653
        },
        "delta": {
          "mae": -0.00018435558184376477,
          "rmse": -0.0008334824289973897,
          "bias": 0.0010487058540696748,
          "abs_bias": -0.0010487058540696748
        }
      }
    },
    "wr_te": {
      "receptions": {
        "previous": {
          "n": 29416.0,
          "mae": 1.7463718350794275,
          "rmse": 2.204556982341587,
          "bias": 0.07772041722518973
        },
        "current": {
          "n": 29416.0,
          "mae": 1.741835492958252,
          "rmse": 2.195728026874883,
          "bias": 0.09992291374603393
        },
        "delta": {
          "mae": -0.004536342121175485,
          "rmse": -0.008828955466703814,
          "bias": 0.022202496520844203,
          "abs_bias": 0.022202496520844203
        }
      },
      "receiving_yards": {
        "previous": {
          "n": 29416.0,
          "mae": 24.846196593013516,
          "rmse": 31.831913438521664,
          "bias": 1.6312908936411263
        },
        "current": {
          "n": 29416.0,
          "mae": 24.762291690062852,
          "rmse": 31.67635042707082,
          "bias": 1.911438705148506
        },
        "delta": {
          "mae": -0.083904902950664,
          "rmse": -0.1555630114508446,
          "bias": 0.28014781150737966,
          "abs_bias": 0.28014781150737966
        }
      },
      "receiving_tds": {
        "previous": {
          "n": 29416.0,
          "mae": 0.36092445675868473,
          "rmse": 0.4749279522775325,
          "bias": 0.014831966601887932
        },
        "current": {
          "n": 29416.0,
          "mae": 0.36138687412890014,
          "rmse": 0.47481896512134536,
          "bias": 0.015972489916183722
        },
        "delta": {
          "mae": 0.00046241737021540663,
          "rmse": -0.00010898715618712362,
          "bias": 0.00114052331429579,
          "abs_bias": 0.00114052331429579
        }
      }
    }
  }
}