book,n_bets,wins,losses,pushes,staked_units,profit_units,roi,win_rate
synthetic,18407.0,10175.0,8232.0,0.0,18407.0,1018.0,0.055305046992991796,0.5527788341391862
