selected_side,n_bets,wins,losses,pushes,staked_units,profit_units,roi,win_rate
under,10259.0,7005.0,3254.0,0.0,10259.0,3114.181818181818,0.3035560793626882,0.6828150891899796
over,8148.0,3170.0,4978.0,0.0,8148.0,-2096.181818181818,-0.2572633552014995,0.38905252822778597
