season,week,legs,parlay_label,joint_prob,decimal_odds,expected_value_units,same_game_penalty_applied,mean_edge,result,stake_units,profit_units,books
2024,10,2,00-0039075 receptions under | 00-0036223 carries under,0.8604855040368861,3.8333333333333326,2.2985277654747294,1.0,0.41195434007016374,loss,1.0,-1.0,demo_book
2024,10,2,00-0039075 receptions under | 00-0033873 passing_yards under,0.6702581519856525,4.390909090909091,1.9430426128097285,1.0,0.3410737831979229,loss,1.0,-1.0,demo_book
2024,10,2,00-0039075 receptions under | 00-0038542 rushing_yards under,0.8179776492132366,3.5432432432432432,1.8982937786987923,1.0,0.3630414055022738,loss,1.0,-1.0,demo_book
2024,10,2,00-0039075 receptions under | 00-0036223 rushing_yards under,0.756663755302112,3.6939393939393934,1.7950700536765893,1.0,0.3411570827299497,loss,1.0,-1.0,demo_book
2024,10,2,00-0039075 receptions under | 00-0037238 receiving_yards under,0.7340897235956142,3.6939393939393934,1.7116829486759197,1.0,0.3282250673057213,loss,1.0,-1.0,demo_book
2024,10,2,00-0036223 carries under | 00-0039075 receiving_yards under,0.9023235164016198,2.901234567901234,1.6178521772145755,1.0,0.3633298933343898,win,1.0,1.9012345679012341,demo_book
2024,10,2,00-0036223 carries under | 00-0033873 passing_yards under,0.7571114619654876,3.1818181818181817,1.4089910153447334,1.0,0.3150143825175056,win,1.0,2.1818181818181817,demo_book
2024,10,2,00-0036223 carries under | 00-0038542 rushing_yards under,0.9239727290391583,2.5675675675675675,1.3723624123978388,1.0,0.3369820048218564,win,1.0,1.5675675675675675,demo_book
2024,10,2,00-0039075 receiving_yards under | 00-0033873 passing_yards under,0.7028470436273846,3.323232323232323,1.3357240136708033,1.0,0.292449336462149,win,1.0,2.323232323232323,demo_book
2024,10,2,00-0039075 receiving_yards under | 00-0038542 rushing_yards under,0.8577488700429975,2.6816816816816815,1.3002094322774678,1.0,0.31441695876649983,win,1.0,1.6816816816816815,demo_book
