player_id,season,week,stat,line,actual_value,book,selected_side,selected_odds,selected_book_implied_prob,selected_fair_american,selected_raw_prob,selected_prob,selected_edge,result,stake_units,profit_units,game_id,recent_team,opponent_team
00-0039075,2024,10,receptions,5.5,9.0,demo_book,under,130,0.43478260869565216,-686.0,0.8727963494462333,0.8727963494462333,0.43801374075058114,loss,1.0,-1.0,2024_10_LA_MIA,LA,MIA
00-0036223,2024,10,carries,22.5,21.0,demo_book,under,-150,0.6,-6990.0,0.9858949393897464,0.9858949393897464,0.3858949393897464,win,1.0,0.6666666666666666,2024_10_IND_BUF,IND,BUF
00-0039075,2024,10,receiving_yards,104.5,98.0,demo_book,under,-135,0.574468085106383,-1080.0,0.9152329323854163,0.9152329323854163,0.3407648472790332,win,1.0,0.7407407407407407,2024_10_LA_MIA,LA,MIA
00-0038542,2024,10,rushing_yards,128.5,116.0,demo_book,under,-185,0.6491228070175439,-1492.0,0.9371918772715103,0.9371918772715103,0.28806907025396644,win,1.0,0.5405405405405406,2024_10_ATL_NO,ATL,NO
00-0036223,2024,10,rushing_yards,126.5,114.0,demo_book,under,-165,0.6226415094339622,-652.0,0.8669419341432806,0.8669419341432806,0.24430042470931834,win,1.0,0.6060606060606061,2024_10_IND_BUF,IND,BUF
00-0033873,2024,10,passing_yards,290.5,266.0,demo_book,under,-110,0.5238095238095238,-331.0,0.7679433494547886,0.7679433494547886,0.24413382564526476,win,1.0,0.9090909090909091,2024_10_KC_DEN,KC,DEN
00-0037238,2024,10,receiving_yards,104.5,97.0,demo_book,under,-165,0.6226415094339622,-529.0,0.8410779032948237,0.8410779032948237,0.21843639386086144,win,1.0,0.6060606060606061,2024_10_ATL_NO,ATL,NO
00-0033873,2024,10,passing_tds,0.5,1.0,demo_book,over,-180,0.6428571428571429,-271.0,0.7304999708056652,0.7304999708056652,0.0876428279485223,win,1.0,0.5555555555555556,2024_10_KC_DEN,KC,DEN
