book,n_bets,wins,losses,pushes,staked_units,profit_units,roi,win_rate
synthetic,36360.0,20173.0,16187.0,0.0,36360.0,2152.090909090909,0.05918841884188419,0.5548129812981298
