stat,n_bets,wins,losses,pushes,staked_units,profit_units,roi,win_rate
receiving_yards,2.0,2.0,0.0,0.0,2.0,1.3468013468013469,0.6734006734006734,1.0
rushing_yards,2.0,2.0,0.0,0.0,2.0,1.1466011466011468,0.5733005733005734,1.0
passing_yards,1.0,1.0,0.0,0.0,1.0,0.9090909090909091,0.9090909090909091,1.0
carries,1.0,1.0,0.0,0.0,1.0,0.6666666666666666,0.6666666666666666,1.0
passing_tds,1.0,1.0,0.0,0.0,1.0,0.5555555555555556,0.5555555555555556,1.0
receptions,1.0,0.0,1.0,0.0,1.0,-1.0,-1.0,0.0
