season,n_bets,wins,losses,pushes,staked_units,profit_units,roi,win_rate
2024,16935.0,9739.0,7196.0,0.0,16935.0,1657.6363636363635,0.09788227715597068,0.5750811927959847
