selected_side,n_bets,wins,losses,pushes,staked_units,profit_units,roi,win_rate
under,7.0,6.0,1.0,0.0,7.0,3.069160069160069,0.4384514384514384,0.8571428571428571
over,1.0,1.0,0.0,0.0,1.0,0.5555555555555556,0.5555555555555556,1.0
